company_search,search_city_code,company,job_name,salary,exp,degree,city,district,boss,company_size,job_labels,job_url,spider_time
中新社（北京）国际传播集团有限公司四川分公司,101270100,北京中新社国际传播,实习编导,70-140元/天,在校/应届,大专,景德镇,珠山区,陈先生,100-499人,"['4天/周', '12个月', '大专']",https://www.zhipin.com/job_detail/65dd1b5f3489bb2003N52di0E1ZZ.html,2025/12/3 9:27
中新社（北京）国际传播集团有限公司四川分公司,101270100,中国新闻社,供稿部实习生,2-4K,经验不限,大专,北京,西城区,于女士,100-499人,"['经验不限', '大专', '学习能力', '综合素质']",https://www.zhipin.com/job_detail/a60f6aa26bfa8cc11XF_39u1E1A~.html,2025/12/3 9:27
中新社（北京）国际传播集团有限公司四川分公司,101270100,北京中新社国际传播,实习剪辑,70-140元/天,在校/应届,大专,景德镇,珠山区,陈先生,100-499人,"['4天/周', '6个月', '大专']",https://www.zhipin.com/job_detail/6459a4477fa8370d03N52dS6EFJZ.html,2025/12/3 9:27
中新社（北京）国际传播集团有限公司四川分公司,101270100,北京中新社国际传播,新媒体运营主管,20-40K,3-5年,本科,景德镇,珠山区,陈先生,100-499人,"['3-5年', '本科', '团队管理经验', '专业脚本', '策划热点事件']",https://www.zhipin.com/job_detail/1375f078264c75c503N52N29FVNY.html,2025/12/3 9:27
中新社（北京）国际传播集团有限公司四川分公司,101040000,北京中新社国际传播,实习剪辑,70-140元/天,在校/应届,大专,景德镇,珠山区,陈先生,100-499人,"['4天/周', '6个月', '大专']",https://www.zhipin.com/job_detail/6459a4477fa8370d03N52dS6EFJZ.html,2025/12/3 9:27
中新社（北京）国际传播集团有限公司四川分公司,101040000,中国新闻社,供稿部实习生,2-4K,经验不限,大专,北京,西城区,于女士,100-499人,"['经验不限', '大专', '学习能力', '综合素质']",https://www.zhipin.com/job_detail/a60f6aa26bfa8cc11XF_39u1E1A~.html,2025/12/3 9:27
中新社（北京）国际传播集团有限公司四川分公司,101040000,北京中新社国际传播,实习编导,70-140元/天,在校/应届,大专,景德镇,珠山区,陈先生,100-499人,"['4天/周', '12个月', '大专']",https://www.zhipin.com/job_detail/65dd1b5f3489bb2003N52di0E1ZZ.html,2025/12/3 9:27
中新社（北京）国际传播集团有限公司四川分公司,101040000,北京中新社国际传播,新媒体运营主管,20-40K,3-5年,本科,景德镇,珠山区,陈先生,100-499人,"['3-5年', '本科', '团队管理经验', '专业脚本', '策划热点事件']",https://www.zhipin.com/job_detail/1375f078264c75c503N52N29FVNY.html,2025/12/3 9:27
成都黑焰联动科技有限公司,101270100,黑焰联动,CGI 视觉组长,10-15K,3-5年,本科,,武侯区,任女士,100-499人,"['3-5年', '本科']",https://www.zhipin.com/job_detail/66dcc361e285a5f203Vz2928ElBQ.html,2025/12/3 9:28
成都黑焰联动科技有限公司,101270100,黑焰联动,UE美术（不加班，周末双休）,90-100元/天,在校/应届,本科,,武侯区,唐女士,100-499人,"['5天/周', '6个月', '本科', 'UE4']",https://www.zhipin.com/job_detail/8664e352a6f8067d03R_39y7FlVV.html,2025/12/3 9:28
成都黑焰联动科技有限公司,101270100,黑焰联动,场景原画师,10-15K,3-5年,本科,,武侯区,任女士,100-499人,"['3-5年', '本科']",https://www.zhipin.com/job_detail/54204e006157671d03Zy2Ny7FFRS.html,2025/12/3 9:28
成都黑焰联动科技有限公司,101270100,黑焰联动,内容运营，品牌推广,5-10K,1-3年,大专,,武侯区,唐女士,100-499人,"['1-3年', '大专', '内容生产运营', '图文', '视频']",https://www.zhipin.com/job_detail/f6eb966c48aa147703d809m0FlRU.html,2025/12/3 9:28
成都黑焰联动科技有限公司,101270100,黑焰联动,AI实习,100-150元/天,在校/应届,本科,,武侯区,任女士,100-499人,"['5天/周', '1个月', '本科']",https://www.zhipin.com/job_detail/c49837e4df03d5b503J93d29ElRT.html,2025/12/3 9:28
成都黑焰联动科技有限公司,101270100,黑焰联动,ue美术（影视动漫）,10-15K・13薪,3-5年,本科,,武侯区,唐女士,100-499人,"['3-5年', '本科', 'UE4', '美术/动画基础']",https://www.zhipin.com/job_detail/adf78cc2f62f4c021H1z2N--GFBS.html,2025/12/3 9:28
成都黑焰联动科技有限公司,101270100,黑焰联动,执行副总,20-25K,5-10年,本科,,武侯区,唐女士,100-499人,"['5-10年', '本科', '线上运营课程体系搭建']",https://www.zhipin.com/job_detail/8db25aee7599ef3b1H1909W4GFVT.html,2025/12/3 9:28
成都黑焰联动科技有限公司,101270100,黑焰联动,CG总监,11-20K,3-5年,本科,,武侯区,任女士,100-499人,"['3-5年', '本科']",https://www.zhipin.com/job_detail/b4067d364ab4410803Z52tW4FFtQ.html,2025/12/3 9:28
成都黑焰联动科技有限公司,101270100,黑焰联动,CG技术美术（绑定师）,8-13K,1-3年,学历不限,,武侯区,唐女士,100-499人,"['1-3年', '学历不限', '游戏设计', 'ZBrush', '3D设计']",https://www.zhipin.com/job_detail/2156fb8c595e6aed1XRy0tq0EFtT.html,2025/12/3 9:28
成都黑焰联动科技有限公司,101270100,黑焰联动,原画主美,15-30K,3-5年,本科,,武侯区,任女士,100-499人,"['3-5年', '本科', '五险', '周末双休', '有原画经验/技能']",https://www.zhipin.com/job_detail/e3a216094cbb12b703N40t-5GFtZ.html,2025/12/3 9:28
成都黑焰联动科技有限公司,101270100,黑焰联动,校长,15-25K,3-5年,本科,,武侯区,唐女士,100-499人,"['3-5年', '本科', '培训机构', '成人/通用', '团队管理经验']",https://www.zhipin.com/job_detail/6d2961b8b98e018c03Zy29u0GFZX.html,2025/12/3 9:28
成都黑焰联动科技有限公司,101270100,黑焰联动,儿童家庭陪伴成长师,6-10K,3-5年,本科,,龙泉驿区,唐女士,100-499人,"['3-5年', '本科', '线下教育', '住家', '陪读']",https://www.zhipin.com/job_detail/a65278d70a98230b1Hdy3965E1RY.html,2025/12/3 9:28
成都黑焰联动科技有限公司,101040000,黑焰联动,场景原画师,10-15K,3-5年,本科,成都,武侯区,任女士,100-499人,"['3-5年', '本科']",https://www.zhipin.com/job_detail/54204e006157671d03Zy2Ny7FFRS.html,2025/12/3 9:28
成都黑焰联动科技有限公司,101040000,黑焰联动,UE美术（不加班，周末双休）,90-100元/天,在校/应届,本科,成都,武侯区,唐女士,100-499人,"['5天/周', '6个月', '本科', 'UE4']",https://www.zhipin.com/job_detail/8664e352a6f8067d03R_39y7FlVV.html,2025/12/3 9:28
成都黑焰联动科技有限公司,101040000,黑焰联动,CGI 视觉组长,10-15K,3-5年,本科,成都,武侯区,任女士,100-499人,"['3-5年', '本科']",https://www.zhipin.com/job_detail/66dcc361e285a5f203Vz2928ElBQ.html,2025/12/3 9:28
成都黑焰联动科技有限公司,101040000,黑焰联动,内容运营，品牌推广,5-10K,1-3年,大专,成都,武侯区,唐女士,100-499人,"['1-3年', '大专', '内容生产运营', '图文', '视频']",https://www.zhipin.com/job_detail/f6eb966c48aa147703d809m0FlRU.html,2025/12/3 9:28
成都黑焰联动科技有限公司,101040000,黑焰联动,AI实习,100-150元/天,在校/应届,本科,成都,武侯区,任女士,100-499人,"['5天/周', '1个月', '本科']",https://www.zhipin.com/job_detail/c49837e4df03d5b503J93d29ElRT.html,2025/12/3 9:28
成都黑焰联动科技有限公司,101040000,黑焰联动,ue美术（影视动漫）,10-15K・13薪,3-5年,本科,成都,武侯区,唐女士,100-499人,"['3-5年', '本科', 'UE4', '美术/动画基础']",https://www.zhipin.com/job_detail/adf78cc2f62f4c021H1z2N--GFBS.html,2025/12/3 9:28
成都黑焰联动科技有限公司,101040000,黑焰联动,CG总监,11-20K,3-5年,本科,成都,武侯区,任女士,100-499人,"['3-5年', '本科']",https://www.zhipin.com/job_detail/b4067d364ab4410803Z52tW4FFtQ.html,2025/12/3 9:28
成都黑焰联动科技有限公司,101040000,黑焰联动,执行副总,20-25K,5-10年,本科,成都,武侯区,唐女士,100-499人,"['5-10年', '本科', '线上运营课程体系搭建']",https://www.zhipin.com/job_detail/8db25aee7599ef3b1H1909W4GFVT.html,2025/12/3 9:28
成都黑焰联动科技有限公司,101040000,黑焰联动,原画主美,15-30K,3-5年,本科,成都,武侯区,任女士,100-499人,"['3-5年', '本科', '五险', '周末双休', '有原画经验/技能']",https://www.zhipin.com/job_detail/e3a216094cbb12b703N40t-5GFtZ.html,2025/12/3 9:28
成都黑焰联动科技有限公司,101040000,黑焰联动,CG技术美术（绑定师）,8-13K,1-3年,学历不限,成都,武侯区,唐女士,100-499人,"['1-3年', '学历不限', '游戏设计', 'ZBrush', '3D设计']",https://www.zhipin.com/job_detail/2156fb8c595e6aed1XRy0tq0EFtT.html,2025/12/3 9:28
成都黑焰联动科技有限公司,101040000,黑焰联动,儿童家庭陪伴成长师,6-10K,3-5年,本科,成都,龙泉驿区,唐女士,100-499人,"['3-5年', '本科', '线下教育', '住家', '陪读']",https://www.zhipin.com/job_detail/a65278d70a98230b1Hdy3965E1RY.html,2025/12/3 9:28
成都黑焰联动科技有限公司,101040000,黑焰联动,校长,15-25K,3-5年,本科,成都,武侯区,唐女士,100-499人,"['3-5年', '本科', '培训机构', '成人/通用', '团队管理经验']",https://www.zhipin.com/job_detail/6d2961b8b98e018c03Zy29u0GFZX.html,2025/12/3 9:28
成都灵枫科技有限公司,101270100,成都灵枫,次世代角色,5-10K,1-3年,大专,,武侯区,张女士,100-499人,"['1-3年', '大专', '3D角色', 'ZBrush', '游戏角色']",https://www.zhipin.com/job_detail/8906a78de3bdbcf41XZz3tm_FlZY.html,2025/12/3 9:28
成都灵枫科技有限公司,101270100,成都灵枫,次世代场景,6-11K,1-3年,学历不限,,武侯区,彭女士,100-499人,"['1-3年', '学历不限', '3D MAX', '美术专业', 'PS']",https://www.zhipin.com/job_detail/f11c139a0481e0ae1XV629-5FVBQ.html,2025/12/3 9:28
成都灵枫科技有限公司,101270100,成都灵枫,3D场景次时代,5-10K,1-3年,学历不限,,武侯区,刘女士,100-499人,"['1-3年', '学历不限', '写实', 'ZBrush', '3ds MAX']",https://www.zhipin.com/job_detail/d43bcb7a06ae3d3203R-3ti7EVNY.html,2025/12/3 9:28
成都灵枫科技有限公司,101270100,成都灵枫,游戏美术QC,4-6K,经验不限,大专,,武侯区,张女士,100-499人,"['经验不限', '大专', 'QC']",https://www.zhipin.com/job_detail/0684d53f442ad83f03V82t28EVdY.html,2025/12/3 9:28
成都灵枫科技有限公司,101270100,成都灵枫,游戏美术QC,4-5K,经验不限,大专,,武侯区,彭女士,100-499人,"['经验不限', '大专', '周末双休', '其他', '欧美']",https://www.zhipin.com/job_detail/e12c0b5820bba15d03V_3969FlZS.html,2025/12/3 9:28
成都灵枫科技有限公司,101270100,成都灵枫,次世代场景实习生,1-2K,经验不限,大专,,武侯区,刘女士,100-499人,"['经验不限', '大专', '3ds MAX', '五险一金', '周末双休']",https://www.zhipin.com/job_detail/29cb05141dad0cbb03F909W7E1JW.html,2025/12/3 9:28
成都灵枫科技有限公司,101270100,成都灵枫,U3D地编（外派）,10-15K,3-5年,大专,,武侯区,张女士,100-499人,"['3-5年', '大专']",https://www.zhipin.com/job_detail/316965056cdbe37503Z43NS_F1FR.html,2025/12/3 9:28
成都灵枫科技有限公司,101270100,成都灵枫,地编关卡设计师,8-12K,5-10年,学历不限,,武侯区,彭女士,100-499人,"['5-10年', '学历不限', 'UE4', 'U3D', 'ZBrush']",https://www.zhipin.com/job_detail/7830a971486adbdb1nV42Nu5EVVQ.html,2025/12/3 9:28
成都灵枫科技有限公司,101270100,成都灵枫,高级资深次世代游戏场景建模师,10-15K,3-5年,学历不限,,武侯区,刘女士,100-499人,"['3-5年', '学历不限', 'ZBrush', '3ds MAX', 'Maya']",https://www.zhipin.com/job_detail/d2db8620b6ee48ed03R52Nq1ElZY.html,2025/12/3 9:28
成都灵枫科技有限公司,101270100,成都灵枫,次世代场景实习生,1-2K,经验不限,大专,,武侯区,张女士,100-499人,"['经验不限', '大专', '接受无相关经验', '3D MAX', 'ZBrush']",https://www.zhipin.com/job_detail/33d60c534a0be5451XJ839u9EVpY.html,2025/12/3 9:28
成都灵枫科技有限公司,101270100,成都灵枫,高级次世代角色,10-15K,3-5年,学历不限,,武侯区,彭女士,100-499人,"['3-5年', '学历不限', 'Substance', '游戏', '游戏动作设计']",https://www.zhipin.com/job_detail/e7938ef4167a81551nVz39-0ElJW.html,2025/12/3 9:28
成都灵枫科技有限公司,101270100,成都灵枫,次世代角色,5-10K,经验不限,学历不限,,武侯区,刘女士,100-499人,"['经验不限', '学历不限', '3ds MAX', '3D低模', '次世代高模']",https://www.zhipin.com/job_detail/e1a7aad4aa9c585f1H1y3ty4EVRW.html,2025/12/3 9:28
成都灵枫科技有限公司,101270100,成都灵枫,次世代场景,5-10K,1-3年,大专,,武侯区,张女士,100-499人,"['1-3年', '大专', '3D场景', '游戏场景', 'ZBrush']",https://www.zhipin.com/job_detail/f32aca93c873cbce1XZz39q4FVZU.html,2025/12/3 9:28
成都灵枫科技有限公司,101270100,成都灵枫,次世代讲师,8-10K,3-5年,大专,,武侯区,彭女士,100-499人,"['3-5年', '大专']",https://www.zhipin.com/job_detail/20209722c21983881HZz2t2_FlNU.html,2025/12/3 9:28
成都灵枫科技有限公司,101270100,成都灵枫,高级次世代场景,10-15K,3-5年,大专,,武侯区,张女士,100-499人,"['3-5年', '大专', '3D场景', '游戏场景', 'ZBrush']",https://www.zhipin.com/job_detail/a4bb0ffa35598f7d1XZz3tm8E1RV.html,2025/12/3 9:28
成都灵枫科技有限公司,101040000,成都灵枫,次世代角色,5-10K,1-3年,大专,成都,武侯区,张女士,100-499人,"['1-3年', '大专', '3D角色', 'ZBrush', '游戏角色']",https://www.zhipin.com/job_detail/8906a78de3bdbcf41XZz3tm_FlZY.html,2025/12/3 9:28
成都灵枫科技有限公司,101040000,成都灵枫,次世代场景,6-11K,1-3年,学历不限,成都,武侯区,彭女士,100-499人,"['1-3年', '学历不限', '3D MAX', '美术专业', 'PS']",https://www.zhipin.com/job_detail/f11c139a0481e0ae1XV629-5FVBQ.html,2025/12/3 9:28
成都灵枫科技有限公司,101040000,成都灵枫,3D场景次时代,5-10K,1-3年,学历不限,成都,武侯区,刘女士,100-499人,"['1-3年', '学历不限', '写实', 'ZBrush', '3ds MAX']",https://www.zhipin.com/job_detail/d43bcb7a06ae3d3203R-3ti7EVNY.html,2025/12/3 9:28
成都灵枫科技有限公司,101040000,成都灵枫,游戏美术QC,4-6K,经验不限,大专,成都,武侯区,张女士,100-499人,"['经验不限', '大专', 'QC']",https://www.zhipin.com/job_detail/0684d53f442ad83f03V82t28EVdY.html,2025/12/3 9:28
成都灵枫科技有限公司,101040000,成都灵枫,游戏美术QC,4-5K,经验不限,大专,成都,武侯区,彭女士,100-499人,"['经验不限', '大专', '周末双休', '其他', '欧美']",https://www.zhipin.com/job_detail/e12c0b5820bba15d03V_3969FlZS.html,2025/12/3 9:28
成都灵枫科技有限公司,101040000,成都灵枫,次世代场景实习生,1-2K,经验不限,大专,成都,武侯区,刘女士,100-499人,"['经验不限', '大专', '3ds MAX', '五险一金', '周末双休']",https://www.zhipin.com/job_detail/29cb05141dad0cbb03F909W7E1JW.html,2025/12/3 9:28
成都灵枫科技有限公司,101040000,成都灵枫,U3D地编（外派）,10-15K,3-5年,大专,成都,武侯区,张女士,100-499人,"['3-5年', '大专']",https://www.zhipin.com/job_detail/316965056cdbe37503Z43NS_F1FR.html,2025/12/3 9:28
成都灵枫科技有限公司,101040000,成都灵枫,地编关卡设计师,8-12K,5-10年,学历不限,成都,武侯区,彭女士,100-499人,"['5-10年', '学历不限', 'UE4', 'U3D', 'ZBrush']",https://www.zhipin.com/job_detail/7830a971486adbdb1nV42Nu5EVVQ.html,2025/12/3 9:28
成都灵枫科技有限公司,101040000,成都灵枫,高级资深次世代游戏场景建模师,10-15K,3-5年,学历不限,成都,武侯区,刘女士,100-499人,"['3-5年', '学历不限', 'ZBrush', '3ds MAX', 'Maya']",https://www.zhipin.com/job_detail/d2db8620b6ee48ed03R52Nq1ElZY.html,2025/12/3 9:28
成都灵枫科技有限公司,101040000,成都灵枫,次世代场景实习生,1-2K,经验不限,大专,成都,武侯区,张女士,100-499人,"['经验不限', '大专', '接受无相关经验', '3D MAX', 'ZBrush']",https://www.zhipin.com/job_detail/33d60c534a0be5451XJ839u9EVpY.html,2025/12/3 9:28
成都灵枫科技有限公司,101040000,成都灵枫,高级次世代角色,10-15K,3-5年,学历不限,成都,武侯区,彭女士,100-499人,"['3-5年', '学历不限', 'Substance', '游戏', '游戏动作设计']",https://www.zhipin.com/job_detail/e7938ef4167a81551nVz39-0ElJW.html,2025/12/3 9:28
成都灵枫科技有限公司,101040000,成都灵枫,次世代角色,5-10K,经验不限,学历不限,成都,武侯区,刘女士,100-499人,"['经验不限', '学历不限', '3ds MAX', '3D低模', '次世代高模']",https://www.zhipin.com/job_detail/e1a7aad4aa9c585f1H1y3ty4EVRW.html,2025/12/3 9:28
成都灵枫科技有限公司,101040000,成都灵枫,次世代场景,5-10K,1-3年,大专,成都,武侯区,张女士,100-499人,"['1-3年', '大专', '3D场景', '游戏场景', 'ZBrush']",https://www.zhipin.com/job_detail/f32aca93c873cbce1XZz39q4FVZU.html,2025/12/3 9:28
成都灵枫科技有限公司,101040000,成都灵枫,次世代讲师,8-10K,3-5年,大专,成都,武侯区,彭女士,100-499人,"['3-5年', '大专']",https://www.zhipin.com/job_detail/20209722c21983881HZz2t2_FlNU.html,2025/12/3 9:28
成都灵枫科技有限公司,101040000,成都灵枫,高级次世代场景,10-15K,3-5年,大专,成都,武侯区,张女士,100-499人,"['3-5年', '大专', '3D场景', '游戏场景', 'ZBrush']",https://www.zhipin.com/job_detail/a4bb0ffa35598f7d1XZz3tm8E1RV.html,2025/12/3 9:28
四川顽偶星工场传媒有限公司,101270100,四川顽偶星工场传媒,角色/场景美术实习生,4-5K,经验不限,学历不限,,郫都区,雷先生,20-99人,"['经验不限', '学历不限', '接受无相关经验/技能', '1年以内原画经验', '周末双休']",https://www.zhipin.com/job_detail/57033c80995e7d4103J73dS9ElpY.html,2025/12/3 9:28
四川顽偶星工场传媒有限公司,101270100,四川顽偶星工场传媒,动画模型实习生,4-5K,经验不限,学历不限,,郫都区,杨女士,20-99人,"['经验不限', '学历不限', '接受无相关经验/技能', '不接受居家办公', '接受实习/在校生投递']",https://www.zhipin.com/job_detail/b2cc185e565dc77703Z73Ni4ElBS.html,2025/12/3 9:28
四川顽偶星工场传媒有限公司,101270100,四川顽偶星工场传媒,ai设计师,5-10K,1-3年,大专,,郫都区,竹女士,20-99人,"['1-3年', '大专', '深度学习', '大模型算法', '目标检测']",https://www.zhipin.com/job_detail/155ca92def80b63303Ny0t-0GVBT.html,2025/12/3 9:28
四川顽偶星工场传媒有限公司,101270100,四川顽偶星工场传媒,三维动画实习生,4-5K,经验不限,学历不限,,郫都区,雷先生,20-99人,"['经验不限', '学历不限', 'Maya', '周末双休']",https://www.zhipin.com/job_detail/ffbd229f94b6d92803J73dS8FlpW.html,2025/12/3 9:28
四川顽偶星工场传媒有限公司,101270100,四川顽偶星工场传媒,角色/场景美术实习生,4-6K,经验不限,学历不限,,郫都区,杨女士,20-99人,"['经验不限', '学历不限']",https://www.zhipin.com/job_detail/0029a6bbb745b88503Z73Ni1FlBZ.html,2025/12/3 9:28
四川顽偶星工场传媒有限公司,101270100,四川顽偶星工场传媒,模型实习生,4-5K,经验不限,学历不限,,郫都区,雷先生,20-99人,"['经验不限', '学历不限', '接受无相关经验/技能', '乙方公司', '周末双休']",https://www.zhipin.com/job_detail/bb3d16572bdde0f603J73dS9GVNY.html,2025/12/3 9:28
四川顽偶星工场传媒有限公司,101270100,四川顽偶星工场传媒,三维动画实习生,4-5K,经验不限,学历不限,,郫都区,杨女士,20-99人,"['经验不限', '学历不限', '接受无相关经验/技能', '不接受居家办公', '接受实习/在校生投递']",https://www.zhipin.com/job_detail/dfa38cd021af306303Z73Ni7E1ZY.html,2025/12/3 9:28
四川顽偶星工场传媒有限公司,101270100,四川顽偶星工场传媒,AIGC导演,10-15K,5-10年,本科,,郫都区,雷先生,20-99人,"['5-10年', '本科', '电影', '电视剧', '深厚的美术功底']",https://www.zhipin.com/job_detail/9274ff8794d703e003N43d25FFdW.html,2025/12/3 9:28
四川顽偶星工场传媒有限公司,101040000,四川顽偶星工场传媒,角色/场景美术实习生,4-5K,经验不限,学历不限,成都,郫都区,雷先生,20-99人,"['经验不限', '学历不限', '接受无相关经验/技能', '1年以内原画经验', '周末双休']",https://www.zhipin.com/job_detail/57033c80995e7d4103J73dS9ElpY.html,2025/12/3 9:28
四川顽偶星工场传媒有限公司,101040000,四川顽偶星工场传媒,动画模型实习生,4-5K,经验不限,学历不限,成都,郫都区,杨女士,20-99人,"['经验不限', '学历不限', '接受无相关经验/技能', '不接受居家办公', '接受实习/在校生投递']",https://www.zhipin.com/job_detail/b2cc185e565dc77703Z73Ni4ElBS.html,2025/12/3 9:28
四川顽偶星工场传媒有限公司,101040000,四川顽偶星工场传媒,ai设计师,5-10K,1-3年,大专,成都,郫都区,竹女士,20-99人,"['1-3年', '大专', '深度学习', '大模型算法', '目标检测']",https://www.zhipin.com/job_detail/155ca92def80b63303Ny0t-0GVBT.html,2025/12/3 9:28
四川顽偶星工场传媒有限公司,101040000,四川顽偶星工场传媒,三维动画实习生,4-5K,经验不限,学历不限,成都,郫都区,雷先生,20-99人,"['经验不限', '学历不限', 'Maya', '周末双休']",https://www.zhipin.com/job_detail/ffbd229f94b6d92803J73dS8FlpW.html,2025/12/3 9:28
四川顽偶星工场传媒有限公司,101040000,四川顽偶星工场传媒,角色/场景美术实习生,4-6K,经验不限,学历不限,成都,郫都区,杨女士,20-99人,"['经验不限', '学历不限']",https://www.zhipin.com/job_detail/0029a6bbb745b88503Z73Ni1FlBZ.html,2025/12/3 9:28
四川顽偶星工场传媒有限公司,101040000,四川顽偶星工场传媒,模型实习生,4-5K,经验不限,学历不限,成都,郫都区,雷先生,20-99人,"['经验不限', '学历不限', '接受无相关经验/技能', '乙方公司', '周末双休']",https://www.zhipin.com/job_detail/bb3d16572bdde0f603J73dS9GVNY.html,2025/12/3 9:28
四川顽偶星工场传媒有限公司,101040000,四川顽偶星工场传媒,三维动画实习生,4-5K,经验不限,学历不限,成都,郫都区,杨女士,20-99人,"['经验不限', '学历不限', '接受无相关经验/技能', '不接受居家办公', '接受实习/在校生投递']",https://www.zhipin.com/job_detail/dfa38cd021af306303Z73Ni7E1ZY.html,2025/12/3 9:28
四川顽偶星工场传媒有限公司,101040000,四川顽偶星工场传媒,AIGC导演,10-15K,5-10年,本科,成都,郫都区,雷先生,20-99人,"['5-10年', '本科', '电影', '电视剧', '深厚的美术功底']",https://www.zhipin.com/job_detail/9274ff8794d703e003N43d25FFdW.html,2025/12/3 9:28
成都方之影视制作有限公司,101270100,方之影视,maya动画师,10-15K,1-3年,高中,,锦江区,骆女士,20-99人,"['1-3年', '高中', '3-5年动画设计经验', '广告/宣传片', '周末双休']",https://www.zhipin.com/job_detail/af73bc1a1617756a03R43ty6E1pY.html,2025/12/3 9:28
成都方之影视制作有限公司,101270100,方之影视,ue地编,6-11K,1-3年,大专,,锦江区,骆女士,20-99人,"['1-3年', '大专', 'UE4开发经验', 'UE5', 'UE4']",https://www.zhipin.com/job_detail/63cd6c8f89f292571H1y0t65FlFR.html,2025/12/3 9:28
成都方之影视制作有限公司,101270100,方之影视,高级ue地编组长,15-25K,5-10年,高中,,锦江区,骆女士,20-99人,"['5-10年', '高中', 'UE4', 'Maya', '美术/动画基础']",https://www.zhipin.com/job_detail/fecc75881875b4f903N929u5FlNW.html,2025/12/3 9:28
成都方之影视制作有限公司,101270100,方之影视,ue特效师,10-15K,1-3年,高中,,锦江区,骆女士,20-99人,"['1-3年', '高中', 'Houdini', 'Nuke', 'Maya']",https://www.zhipin.com/job_detail/f6ec524f499e724e03R-2d-_ElBY.html,2025/12/3 9:28
成都方之影视制作有限公司,101270100,方之影视,中高级影视特效师,10-15K,1-3年,大专,,锦江区,骆女士,20-99人,"['1-3年', '大专', '电影', '电视剧', 'Houdini']",https://www.zhipin.com/job_detail/01300eecf612c51e03R80ti7EVFS.html,2025/12/3 9:28
成都方之影视制作有限公司,101270100,方之影视,高级ue地编,12-20K,3-5年,学历不限,,锦江区,骆女士,20-99人,"['3-5年', '学历不限', '3ds Max', 'UE4', '美术/动画基础']",https://www.zhipin.com/job_detail/685e0d862c35e1b403R-2dy0E1VZ.html,2025/12/3 9:28
成都方之影视制作有限公司,101040000,方之影视,ue地编,6-11K,1-3年,大专,成都,锦江区,骆女士,20-99人,"['1-3年', '大专', 'UE4开发经验', 'UE5', 'UE4']",https://www.zhipin.com/job_detail/63cd6c8f89f292571H1y0t65FlFR.html,2025/12/3 9:28
成都方之影视制作有限公司,101040000,方之影视,maya动画师,10-15K,1-3年,高中,成都,锦江区,骆女士,20-99人,"['1-3年', '高中', '3-5年动画设计经验', '广告/宣传片', '周末双休']",https://www.zhipin.com/job_detail/af73bc1a1617756a03R43ty6E1pY.html,2025/12/3 9:28
成都方之影视制作有限公司,101040000,方之影视,ue特效师,10-15K,1-3年,高中,成都,锦江区,骆女士,20-99人,"['1-3年', '高中', 'Houdini', 'Nuke', 'Maya']",https://www.zhipin.com/job_detail/f6ec524f499e724e03R-2d-_ElBY.html,2025/12/3 9:28
成都方之影视制作有限公司,101040000,方之影视,高级ue地编组长,15-25K,5-10年,高中,成都,锦江区,骆女士,20-99人,"['5-10年', '高中', 'UE4', 'Maya', '美术/动画基础']",https://www.zhipin.com/job_detail/fecc75881875b4f903N929u5FlNW.html,2025/12/3 9:28
成都方之影视制作有限公司,101040000,方之影视,高级ue地编,12-20K,3-5年,学历不限,成都,锦江区,骆女士,20-99人,"['3-5年', '学历不限', '3ds Max', 'UE4', '美术/动画基础']",https://www.zhipin.com/job_detail/685e0d862c35e1b403R-2dy0E1VZ.html,2025/12/3 9:28
成都方之影视制作有限公司,101040000,方之影视,中高级影视特效师,10-15K,1-3年,大专,成都,锦江区,骆女士,20-99人,"['1-3年', '大专', '电影', '电视剧', 'Houdini']",https://www.zhipin.com/job_detail/01300eecf612c51e03R80ti7EVFS.html,2025/12/3 9:28
成都艾末塔网络科技有限公司,101270100,艾末塔,次世代场景美术师,7-12K,3-5年,大专,,武侯区,李先生,0-20人,"['3-5年', '大专', '3D MAX', '美术专业', '周末双休']",https://www.zhipin.com/job_detail/27ca77f21e1fce6203Nz2dS5EVJZ.html,2025/12/3 9:28
成都艾末塔网络科技有限公司,101270100,艾末塔,3D次世代建模师,7-12K,3-5年,大专,,武侯区,李先生,0-20人,"['3-5年', '大专', '3D MAX', '周末双休', '有3D设计经验/技能']",https://www.zhipin.com/job_detail/cd1a07708d664bd503F929--GVQ~.html,2025/12/3 9:28
成都艾末塔网络科技有限公司,101040000,艾末塔,次世代场景美术师,7-12K,3-5年,大专,成都,武侯区,李先生,0-20人,"['3-5年', '大专', '3D MAX', '美术专业', '周末双休']",https://www.zhipin.com/job_detail/27ca77f21e1fce6203Nz2dS5EVJZ.html,2025/12/3 9:28
成都艾末塔网络科技有限公司,101040000,艾末塔,3D次世代建模师,7-12K,3-5年,大专,成都,武侯区,李先生,0-20人,"['3-5年', '大专', '3D MAX', '周末双休', '有3D设计经验/技能']",https://www.zhipin.com/job_detail/cd1a07708d664bd503F929--GVQ~.html,2025/12/3 9:28
成都上岸互娱文化科技有限公司,101270100,上岸互娱,UE4,8-13K,3-5年,本科,,锦江区,肖女士,20-99人,"['3-5年', '本科', '3ds Max', 'UE4', 'Maya']",https://www.zhipin.com/job_detail/76d64e9e34bd8d6603B43t24FFtW.html,2025/12/3 9:28
成都上岸互娱文化科技有限公司,101270100,上岸互娱,ue蓝图实习生,2-4K,经验不限,大专,,锦江区,张先生,20-99人,"['经验不限', '大专']",https://www.zhipin.com/job_detail/2227a9b24efc5c7903Z839-5ElpX.html,2025/12/3 9:28
成都上岸互娱文化科技有限公司,101270100,上岸互娱,UE4蓝图,8-13K,3-5年,本科,,武侯区,汪先生,20-99人,"['3-5年', '本科', 'UE4']",https://www.zhipin.com/job_detail/7b61d66c65c69c7e03x63tS6FVpX.html,2025/12/3 9:28
成都上岸互娱文化科技有限公司,101270100,上岸互娱,ue4蓝图实习生,2-4K,1年以内,本科,,锦江区,高先生,20-99人,"['1年以内', '本科']",https://www.zhipin.com/job_detail/9e8e2428bd7257e803Z82N--FVJX.html,2025/12/3 9:28
成都上岸互娱文化科技有限公司,101270100,上岸互娱,UE4蓝图,9-14K,1年以内,本科,,锦江区,肖女士,20-99人,"['1年以内', '本科', 'UE4']",https://www.zhipin.com/job_detail/930ebf6c80624d6803F92969GFVX.html,2025/12/3 9:28
成都上岸互娱文化科技有限公司,101270100,上岸互娱,UE地编实习生,2-4K,经验不限,大专,,锦江区,张先生,20-99人,"['经验不限', '大专']",https://www.zhipin.com/job_detail/ebb24bfee7c5fc6903Z83969EVNX.html,2025/12/3 9:28
成都上岸互娱文化科技有限公司,101270100,上岸互娱,cocos美术,8-13K,1-3年,本科,,锦江区,高先生,20-99人,"['1-3年', '本科']",https://www.zhipin.com/job_detail/e5afd43dc50d57b003Z40ty_ElJU.html,2025/12/3 9:28
成都上岸互娱文化科技有限公司,101270100,上岸互娱,UE4地编,8-13K,1-3年,本科,,锦江区,肖女士,20-99人,"['1-3年', '本科', 'UE4']",https://www.zhipin.com/job_detail/37a20e0a08f6bd8503F43d21EFNZ.html,2025/12/3 9:28
成都上岸互娱文化科技有限公司,101270100,上岸互娱,UE蓝图,10-15K,3-5年,学历不限,,锦江区,张先生,20-99人,"['3-5年', '学历不限', 'UE4']",https://www.zhipin.com/job_detail/e36f0146b5c09db41HNz3ty4EFJV.html,2025/12/3 9:28
成都上岸互娱文化科技有限公司,101270100,上岸互娱,ue蓝图,5-8K,3-5年,大专,,锦江区,高先生,20-99人,"['3-5年', '大专', '3ds Max', 'UE4', 'Maya']",https://www.zhipin.com/job_detail/d3f33977243bda7403V-0t--FVRX.html,2025/12/3 9:28
成都上岸互娱文化科技有限公司,101270100,上岸互娱,ue地编,10-15K,3-5年,学历不限,,锦江区,张先生,20-99人,"['3-5年', '学历不限', 'UE4']",https://www.zhipin.com/job_detail/6f17083ee4cd6edf1HNz3ty5GVBY.html,2025/12/3 9:28
成都上岸互娱文化科技有限公司,101270100,上岸互娱,动画师,10-15K,1-3年,本科,,武侯区,肖女士,20-99人,"['1-3年', '本科', '五险一金', '带薪假期', '现场办公']",https://www.zhipin.com/job_detail/aaa610da11f0186603x729S5GFJY.html,2025/12/3 9:28
成都上岸互娱文化科技有限公司,101270100,上岸互娱,UE4买量视频,9-14K,1-3年,本科,,锦江区,肖女士,20-99人,"['1-3年', '本科', 'UE4']",https://www.zhipin.com/job_detail/c3c0381181431bd203F92969FFBZ.html,2025/12/3 9:28
成都上岸互娱文化科技有限公司,101270100,上岸互娱,UE4蓝图,8-13K,1-3年,本科,德阳,旌阳区,汪先生,20-99人,"['1-3年', '本科', 'UE4']",https://www.zhipin.com/job_detail/7ce9a0e712d3aa4503x63967GFtR.html,2025/12/3 9:28
成都上岸互娱文化科技有限公司,101270100,上岸互娱,UE4买量视频,8-13K,3-5年,本科,重庆,万州区,肖女士,20-99人,"['3-5年', '本科', 'UE4']",https://www.zhipin.com/job_detail/3cda5f60fcec018e03J_3Nm7EVBV.html,2025/12/3 9:28
成都上岸互娱文化科技有限公司,101040000,上岸互娱,UE4,8-13K,3-5年,本科,成都,锦江区,肖女士,20-99人,"['3-5年', '本科', '3ds Max', 'UE4', 'Maya']",https://www.zhipin.com/job_detail/76d64e9e34bd8d6603B43t24FFtW.html,2025/12/3 9:28
成都上岸互娱文化科技有限公司,101040000,上岸互娱,UE4蓝图,8-13K,1-3年,本科,德阳,旌阳区,汪先生,20-99人,"['1-3年', '本科', 'UE4']",https://www.zhipin.com/job_detail/7ce9a0e712d3aa4503x63967GFtR.html,2025/12/3 9:28
成都上岸互娱文化科技有限公司,101040000,上岸互娱,ue地编,10-15K,3-5年,学历不限,成都,锦江区,张先生,20-99人,"['3-5年', '学历不限', 'UE4']",https://www.zhipin.com/job_detail/6f17083ee4cd6edf1HNz3ty5GVBY.html,2025/12/3 9:28
成都上岸互娱文化科技有限公司,101040000,上岸互娱,ue4蓝图实习生,2-4K,1年以内,本科,成都,锦江区,高先生,20-99人,"['1年以内', '本科']",https://www.zhipin.com/job_detail/9e8e2428bd7257e803Z82N--FVJX.html,2025/12/3 9:28
成都上岸互娱文化科技有限公司,101040000,上岸互娱,UE4蓝图,9-14K,1年以内,本科,成都,锦江区,肖女士,20-99人,"['1年以内', '本科', 'UE4']",https://www.zhipin.com/job_detail/930ebf6c80624d6803F92969GFVX.html,2025/12/3 9:28
成都上岸互娱文化科技有限公司,101040000,上岸互娱,UE蓝图,10-15K,3-5年,学历不限,成都,锦江区,张先生,20-99人,"['3-5年', '学历不限', 'UE4']",https://www.zhipin.com/job_detail/e36f0146b5c09db41HNz3ty4EFJV.html,2025/12/3 9:28
成都上岸互娱文化科技有限公司,101040000,上岸互娱,UE4蓝图,8-13K,3-5年,本科,成都,武侯区,汪先生,20-99人,"['3-5年', '本科', 'UE4']",https://www.zhipin.com/job_detail/7b61d66c65c69c7e03x63tS6FVpX.html,2025/12/3 9:28
成都上岸互娱文化科技有限公司,101040000,上岸互娱,cocos美术,8-13K,1-3年,本科,成都,锦江区,高先生,20-99人,"['1-3年', '本科']",https://www.zhipin.com/job_detail/e5afd43dc50d57b003Z40ty_ElJU.html,2025/12/3 9:28
成都上岸互娱文化科技有限公司,101040000,上岸互娱,UE4买量视频,8-13K,3-5年,本科,,万州区,肖女士,20-99人,"['3-5年', '本科', 'UE4']",https://www.zhipin.com/job_detail/3cda5f60fcec018e03J_3Nm7EVBV.html,2025/12/3 9:28
成都上岸互娱文化科技有限公司,101040000,上岸互娱,UE地编实习生,2-4K,经验不限,大专,成都,锦江区,张先生,20-99人,"['经验不限', '大专']",https://www.zhipin.com/job_detail/ebb24bfee7c5fc6903Z83969EVNX.html,2025/12/3 9:28
成都上岸互娱文化科技有限公司,101040000,上岸互娱,ue蓝图,5-8K,3-5年,大专,成都,锦江区,高先生,20-99人,"['3-5年', '大专', '3ds Max', 'UE4', 'Maya']",https://www.zhipin.com/job_detail/d3f33977243bda7403V-0t--FVRX.html,2025/12/3 9:28
成都上岸互娱文化科技有限公司,101040000,上岸互娱,UE4地编,8-13K,1-3年,本科,成都,锦江区,肖女士,20-99人,"['1-3年', '本科', 'UE4']",https://www.zhipin.com/job_detail/37a20e0a08f6bd8503F43d21EFNZ.html,2025/12/3 9:28
成都上岸互娱文化科技有限公司,101040000,上岸互娱,ue蓝图实习生,2-4K,经验不限,大专,成都,锦江区,张先生,20-99人,"['经验不限', '大专']",https://www.zhipin.com/job_detail/2227a9b24efc5c7903Z839-5ElpX.html,2025/12/3 9:28
成都上岸互娱文化科技有限公司,101040000,上岸互娱,UE4蓝图,8-13K,1-3年,本科,武汉,蔡甸区,肖女士,20-99人,"['1-3年', '本科']",https://www.zhipin.com/job_detail/53d947cf1de0084003J93t24FFpU.html,2025/12/3 9:28
成都上岸互娱文化科技有限公司,101040000,上岸互娱,动画师,10-15K,1-3年,本科,成都,武侯区,肖女士,20-99人,"['1-3年', '本科', '五险一金', '带薪假期', '现场办公']",https://www.zhipin.com/job_detail/aaa610da11f0186603x729S5GFJY.html,2025/12/3 9:28
成都鲸顶文化传播有限公司,101270100,鲸顶文化,UE地编(G0719),13-18K,3-5年,学历不限,,武侯区,林先生,20-99人,"['3-5年', '学历不限', 'Sequencer', 'UE地编']",https://www.zhipin.com/job_detail/11c2b43ae8080aa61XB429S0GVdY.html,2025/12/3 9:28
成都鲸顶文化传播有限公司,101040000,鲸顶文化,UE地编(G0719),13-18K,3-5年,学历不限,成都,武侯区,林先生,20-99人,"['3-5年', '学历不限', 'Sequencer', 'UE地编']",https://www.zhipin.com/job_detail/11c2b43ae8080aa61XB429S0GVdY.html,2025/12/3 9:28
成都火猴互动科技有限责任公司,101270100,火猴互动,次世代角色组长,15-25K,5-10年,大专,,武侯区,朱女士,20-99人,"['5-10年', '大专', '3D MAX', '美术专业', '周末双休']",https://www.zhipin.com/job_detail/43c8a33d1682575f03J93NS_EFNR.html,2025/12/3 9:28
成都火猴互动科技有限责任公司,101270100,火猴互动,次世代场景（组长）,15-20K,5-10年,大专,,武侯区,朱女士,20-99人,"['5-10年', '大专', '3D MAX', '美术专业', '硬表面经验']",https://www.zhipin.com/job_detail/4c722ee9a6cc0f8c1HB62t64EFZV.html,2025/12/3 9:28
成都火猴互动科技有限责任公司,101270100,火猴互动,次世代场景内训生,1-4K,1年以内,大专,,武侯区,朱女士,20-99人,"['1年以内', '大专', '3ds MAX', '五险一金', '模型制作']",https://www.zhipin.com/job_detail/03e5d578d89fd1c203J72dm4ElJS.html,2025/12/3 9:28
成都火猴互动科技有限责任公司,101270100,火猴互动,UE场景地编/Unity场景地编,13-20K,3-5年,大专,,武侯区,朱女士,20-99人,"['3-5年', '大专', '3ds Max', 'Unity3D', 'UE4']",https://www.zhipin.com/job_detail/68c3470907f68c9b03Vz2t26FFdQ.html,2025/12/3 9:28
成都火猴互动科技有限责任公司,101270100,火猴互动,3d手绘角色,8-10K,3-5年,大专,,武侯区,朱女士,20-99人,"['3-5年', '大专', '3ds MAX', 'PS', '卡通类']",https://www.zhipin.com/job_detail/7edadaeb95fff98e03Vy09q7FlJZ.html,2025/12/3 9:28
成都火猴互动科技有限责任公司,101270100,火猴互动,次世代场景（初中级/中级/中高级）,9-14K,1-3年,大专,,武侯区,朱女士,20-99人,"['1-3年', '大专', 'MAYA', '3D MAX', 'ZBrush']",https://www.zhipin.com/job_detail/ffc31f35947dcff403Jz3Ni7EVBZ.html,2025/12/3 9:28
成都火猴互动科技有限责任公司,101270100,火猴互动,次世代场景组长,15-20K,5-10年,大专,重庆,渝北区,朱女士,20-99人,"['5-10年', '大专', '五险一金', '带薪假期', '周末双休']",https://www.zhipin.com/job_detail/c03c29fcdc6aa57003d92NW4EVVU.html,2025/12/3 9:28
成都火猴互动科技有限责任公司,101270100,火猴互动,次世代场景-中级/中高级,10-15K,3-5年,学历不限,重庆,渝北区,朱女士,20-99人,"['3-5年', '学历不限', '3ds MAX', '模型制作', '仙侠风']",https://www.zhipin.com/job_detail/c2133a71460c99771Hx83dq0GVBR.html,2025/12/3 9:28
成都火猴互动科技有限责任公司,101040000,火猴互动,次世代角色组长,15-25K,5-10年,大专,成都,武侯区,朱女士,20-99人,"['5-10年', '大专', '3D MAX', '美术专业', '周末双休']",https://www.zhipin.com/job_detail/43c8a33d1682575f03J93NS_EFNR.html,2025/12/3 9:28
成都火猴互动科技有限责任公司,101040000,火猴互动,次世代场景（组长）,15-20K,5-10年,大专,成都,武侯区,朱女士,20-99人,"['5-10年', '大专', '3D MAX', '美术专业', '硬表面经验']",https://www.zhipin.com/job_detail/4c722ee9a6cc0f8c1HB62t64EFZV.html,2025/12/3 9:28
成都火猴互动科技有限责任公司,101040000,火猴互动,次世代场景组长,15-20K,5-10年,大专,,渝北区,朱女士,20-99人,"['5-10年', '大专', '五险一金', '带薪假期', '周末双休']",https://www.zhipin.com/job_detail/c03c29fcdc6aa57003d92NW4EVVU.html,2025/12/3 9:28
成都火猴互动科技有限责任公司,101040000,火猴互动,次世代场景内训生,1-4K,1年以内,大专,成都,武侯区,朱女士,20-99人,"['1年以内', '大专', '3ds MAX', '五险一金', '模型制作']",https://www.zhipin.com/job_detail/03e5d578d89fd1c203J72dm4ElJS.html,2025/12/3 9:28
成都火猴互动科技有限责任公司,101040000,火猴互动,UE场景地编/Unity场景地编,13-20K,3-5年,大专,成都,武侯区,朱女士,20-99人,"['3-5年', '大专', '3ds Max', 'Unity3D', 'UE4']",https://www.zhipin.com/job_detail/68c3470907f68c9b03Vz2t26FFdQ.html,2025/12/3 9:28
成都火猴互动科技有限责任公司,101040000,火猴互动,次世代场景（初中级/中级/中高级）,9-14K,1-3年,大专,成都,武侯区,朱女士,20-99人,"['1-3年', '大专', 'MAYA', '3D MAX', 'ZBrush']",https://www.zhipin.com/job_detail/ffc31f35947dcff403Jz3Ni7EVBZ.html,2025/12/3 9:28
成都火猴互动科技有限责任公司,101040000,火猴互动,次世代场景-中级/中高级,10-15K,3-5年,学历不限,,渝北区,朱女士,20-99人,"['3-5年', '学历不限', '3ds MAX', '模型制作', '仙侠风']",https://www.zhipin.com/job_detail/c2133a71460c99771Hx83dq0GVBR.html,2025/12/3 9:28
成都火猴互动科技有限责任公司,101040000,火猴互动,3d手绘角色,8-10K,3-5年,大专,成都,武侯区,朱女士,20-99人,"['3-5年', '大专', '3ds MAX', 'PS', '卡通类']",https://www.zhipin.com/job_detail/7edadaeb95fff98e03Vy09q7FlJZ.html,2025/12/3 9:28
成都游点牛网络科技有限公司,101270100,成都游点牛网络科技,游戏主播负责人,4-9K,3-5年,学历不限,,武侯区,陈女士,20-99人,"['3-5年', '学历不限']",https://www.zhipin.com/job_detail/0d1729171ae1795b03J52ty9ElZV.html,2025/12/3 9:28
成都游点牛网络科技有限公司,101270100,成都游点牛网络科技,游戏开发服务器,15-20K,5-10年,大专,,武侯区,贺先生,20-99人,"['5-10年', '大专', 'Node.js开发经验', 'Node.js', '后端']",https://www.zhipin.com/job_detail/b5bb2b343f44af0803B_0t6_FVVS.html,2025/12/3 9:28
成都游点牛网络科技有限公司,101270100,成都游点牛网络科技,游戏主播,4-8K,经验不限,学历不限,,武侯区,陈女士,20-99人,"['经验不限', '学历不限']",https://www.zhipin.com/job_detail/6f00b421ae0afba403J52t25FFtX.html,2025/12/3 9:28
成都游点牛网络科技有限公司,101040000,成都游点牛网络科技,游戏主播负责人,4-9K,3-5年,学历不限,成都,武侯区,陈女士,20-99人,"['3-5年', '学历不限']",https://www.zhipin.com/job_detail/0d1729171ae1795b03J52ty9ElZV.html,2025/12/3 9:28
成都游点牛网络科技有限公司,101040000,成都游点牛网络科技,游戏开发服务器,15-20K,5-10年,大专,成都,武侯区,贺先生,20-99人,"['5-10年', '大专', 'Node.js开发经验', 'Node.js', '后端']",https://www.zhipin.com/job_detail/b5bb2b343f44af0803B_0t6_FVVS.html,2025/12/3 9:28
成都游点牛网络科技有限公司,101040000,成都游点牛网络科技,游戏主播,4-8K,经验不限,学历不限,成都,武侯区,陈女士,20-99人,"['经验不限', '学历不限']",https://www.zhipin.com/job_detail/6f00b421ae0afba403J52t25FFtX.html,2025/12/3 9:28
成都卓尔派科技有限公司,101270100,卓尔派科技,游戏UI设计师,3-7K,1-3年,大专,,成华区,王先生,0-20人,"['1-3年', '大专', '休闲益智', '手机游戏', '平面设计']",https://www.zhipin.com/job_detail/999b9eceeba4a11f03B52t29EVJZ.html,2025/12/3 9:28
成都卓尔派科技有限公司,101270100,卓尔派科技,Roblox开发工程师,2-3K,1-3年,大专,,成华区,王先生,0-20人,"['1-3年', '大专', '游戏开发', 'Lua', 'Roblox']",https://www.zhipin.com/job_detail/12bc8c8a1f5f823c1Xx63dq8EVNY.html,2025/12/3 9:28
成都卓尔派科技有限公司,101040000,卓尔派科技,游戏UI设计师,3-7K,1-3年,大专,成都,成华区,王先生,0-20人,"['1-3年', '大专', '休闲益智', '手机游戏', '平面设计']",https://www.zhipin.com/job_detail/999b9eceeba4a11f03B52t29EVJZ.html,2025/12/3 9:28
成都卓尔派科技有限公司,101040000,卓尔派科技,Roblox开发工程师,2-3K,1-3年,大专,成都,成华区,王先生,0-20人,"['1-3年', '大专', '游戏开发', 'Lua', 'Roblox']",https://www.zhipin.com/job_detail/12bc8c8a1f5f823c1Xx63dq8EVNY.html,2025/12/3 9:28
成都吉米力科技有限公司,101270100,吉米力科技,次时代角色美术师,5-10K,1-3年,学历不限,,武侯区,伍女士,20-99人,"['1-3年', '学历不限', '写实类', '怪物类', '次世代高模']",https://www.zhipin.com/job_detail/3e8f349e57e9ec1c1nx93927F1RV.html,2025/12/3 9:28
成都吉米力科技有限公司,101270100,吉米力科技,中高级次时代角色美术师,11-20K,3-5年,学历不限,,武侯区,伍女士,20-99人,"['3-5年', '学历不限', '次世代', '高模', '低模']",https://www.zhipin.com/job_detail/9ea7b68d8d7e3ed11nV53ty5F1tV.html,2025/12/3 9:28
成都吉米力科技有限公司,101270100,吉米力科技,次时代美术师,3-7K,1-3年,学历不限,,武侯区,伍女士,20-99人,"['1-3年', '学历不限', '写实类', '次世代项目经验', '怪物类']",https://www.zhipin.com/job_detail/23ec671e7b8005ec1nJ43ty7GVVX.html,2025/12/3 9:28
成都吉米力科技有限公司,101040000,吉米力科技,次时代角色美术师,5-10K,1-3年,学历不限,成都,武侯区,伍女士,20-99人,"['1-3年', '学历不限', '写实类', '怪物类', '次世代高模']",https://www.zhipin.com/job_detail/3e8f349e57e9ec1c1nx93927F1RV.html,2025/12/3 9:28
成都吉米力科技有限公司,101040000,吉米力科技,中高级次时代角色美术师,11-20K,3-5年,学历不限,成都,武侯区,伍女士,20-99人,"['3-5年', '学历不限', '次世代', '高模', '低模']",https://www.zhipin.com/job_detail/9ea7b68d8d7e3ed11nV53ty5F1tV.html,2025/12/3 9:28
成都吉米力科技有限公司,101040000,吉米力科技,次时代美术师,3-7K,1-3年,学历不限,成都,武侯区,伍女士,20-99人,"['1-3年', '学历不限', '写实类', '次世代项目经验', '怪物类']",https://www.zhipin.com/job_detail/23ec671e7b8005ec1nJ43ty7GVVX.html,2025/12/3 9:28
重庆缘漫动漫设计有限公司,101270100,重庆缘漫动漫设计公司,漫画编剧,3-6K,经验不限,本科,重庆,南岸区,聂女士,20-99人,"['经验不限', '本科']",https://www.zhipin.com/job_detail/e7494c48699c751103Ny2N-_F1tR.html,2025/12/3 9:28
重庆缘漫动漫设计有限公司,101270100,重庆缘漫动漫设计公司,漫画师,5-6K,经验不限,学历不限,重庆,南岸区,汪先生,20-99人,"['经验不限', '学历不限', '游戏设计', '美工', '二次元风格']",https://www.zhipin.com/job_detail/0dd6da5ff020e3c21nJ_3d64E1dR.html,2025/12/3 9:28
重庆缘漫动漫设计有限公司,101270100,重庆缘漫动漫设计公司,漫画勾线,4-9K,经验不限,学历不限,重庆,南岸区,何女士,20-99人,"['经验不限', '学历不限', '漫画主笔助理', '漫画勾线', '漫画工作室']",https://www.zhipin.com/job_detail/17a96ad13628af441Xx-3tm0FlJR.html,2025/12/3 9:28
重庆缘漫动漫设计有限公司,101270100,重庆缘漫动漫设计公司,漫画主笔,4-8K,3-5年,学历不限,重庆,南岸区,聂女士,20-99人,"['3-5年', '学历不限', '五险', '周末双休', '有漫画经验/技能']",https://www.zhipin.com/job_detail/af9c18643f045d9d03Jy3ty8EVZX.html,2025/12/3 9:28
重庆缘漫动漫设计有限公司,101270100,重庆缘漫动漫设计公司,漫画上色,4-9K,经验不限,学历不限,重庆,南岸区,何女士,20-99人,"['经验不限', '学历不限', '漫画主笔助理', '漫画上色', '漫画工作室']",https://www.zhipin.com/job_detail/f40a57617b888b971Xx-3tm1F1pQ.html,2025/12/3 9:28
重庆缘漫动漫设计有限公司,101270100,重庆缘漫动漫设计公司,色彩师,3-6K,3-5年,学历不限,重庆,南岸区,聂女士,20-99人,"['3-5年', '学历不限', '五险', '周末双休', '有漫画经验/技能']",https://www.zhipin.com/job_detail/d8e890404991319103Jy3t20E1FT.html,2025/12/3 9:28
重庆缘漫动漫设计有限公司,101270100,重庆缘漫动漫设计公司,漫画主笔,5-9K,经验不限,学历不限,重庆,南岸区,何女士,20-99人,"['经验不限', '学历不限', '漫画主笔', '漫画工作室', '自有品牌']",https://www.zhipin.com/job_detail/dbabbd229d6da28a1Xx-3tm5GFRQ.html,2025/12/3 9:28
重庆缘漫动漫设计有限公司,101270100,重庆缘漫动漫设计公司,AI漫画编剧,3-6K,经验不限,本科,重庆,南岸区,聂女士,20-99人,"['经验不限', '本科', '编剧', '小说', '动画']",https://www.zhipin.com/job_detail/c916a3c3771459c503x73t66GFFQ.html,2025/12/3 9:28
重庆缘漫动漫设计有限公司,101040000,重庆缘漫动漫设计公司,漫画编剧,3-6K,经验不限,本科,,南岸区,聂女士,20-99人,"['经验不限', '本科']",https://www.zhipin.com/job_detail/e7494c48699c751103Ny2N-_F1tR.html,2025/12/3 9:28
重庆缘漫动漫设计有限公司,101040000,重庆缘漫动漫设计公司,漫画师,5-6K,经验不限,学历不限,,南岸区,汪先生,20-99人,"['经验不限', '学历不限', '游戏设计', '美工', '二次元风格']",https://www.zhipin.com/job_detail/0dd6da5ff020e3c21nJ_3d64E1dR.html,2025/12/3 9:28
重庆缘漫动漫设计有限公司,101040000,重庆缘漫动漫设计公司,漫画勾线,4-9K,经验不限,学历不限,,南岸区,何女士,20-99人,"['经验不限', '学历不限', '漫画主笔助理', '漫画勾线', '漫画工作室']",https://www.zhipin.com/job_detail/17a96ad13628af441Xx-3tm0FlJR.html,2025/12/3 9:28
重庆缘漫动漫设计有限公司,101040000,重庆缘漫动漫设计公司,AI漫画编剧,3-6K,经验不限,本科,,南岸区,聂女士,20-99人,"['经验不限', '本科', '编剧', '小说', '动画']",https://www.zhipin.com/job_detail/c916a3c3771459c503x73t66GFFQ.html,2025/12/3 9:28
重庆缘漫动漫设计有限公司,101040000,重庆缘漫动漫设计公司,漫画上色,4-9K,经验不限,学历不限,,南岸区,何女士,20-99人,"['经验不限', '学历不限', '漫画主笔助理', '漫画上色', '漫画工作室']",https://www.zhipin.com/job_detail/f40a57617b888b971Xx-3tm1F1pQ.html,2025/12/3 9:28
重庆缘漫动漫设计有限公司,101040000,重庆缘漫动漫设计公司,色彩师,3-6K,3-5年,学历不限,,南岸区,聂女士,20-99人,"['3-5年', '学历不限', '五险', '周末双休', '有漫画经验/技能']",https://www.zhipin.com/job_detail/d8e890404991319103Jy3t20E1FT.html,2025/12/3 9:28
重庆缘漫动漫设计有限公司,101040000,重庆缘漫动漫设计公司,漫画主笔,5-9K,经验不限,学历不限,,南岸区,何女士,20-99人,"['经验不限', '学历不限', '漫画主笔', '漫画工作室', '自有品牌']",https://www.zhipin.com/job_detail/dbabbd229d6da28a1Xx-3tm5GFRQ.html,2025/12/3 9:28
重庆缘漫动漫设计有限公司,101040000,重庆缘漫动漫设计公司,漫画主笔,4-8K,3-5年,学历不限,,南岸区,聂女士,20-99人,"['3-5年', '学历不限', '五险', '周末双休', '有漫画经验/技能']",https://www.zhipin.com/job_detail/af9c18643f045d9d03Jy3ty8EVZX.html,2025/12/3 9:28
重庆隐豹数字传媒有限公司,101270100,隐豹数字传媒,动态设计师（独立导演方向）,15-20K,1-3年,本科,重庆,南岸区,陈女士,0-20人,"['1-3年', '本科', '广告', '不接受居家办公', 'C4D']",https://www.zhipin.com/job_detail/7a378a2129842dbc1XJ729q9F1tW.html,2025/12/3 9:28
重庆隐豹数字传媒有限公司,101270100,隐豹数字传媒,动态设计师(独立导演方向),15-20K,1-3年,本科,重庆,南岸区,邹先生,0-20人,"['1-3年', '本科', '广告', 'C4D', 'PR']",https://www.zhipin.com/job_detail/39d8c33c642f7b6d1XB-3N-6GFtS.html,2025/12/3 9:28
重庆隐豹数字传媒有限公司,101040000,隐豹数字传媒,动态设计师（独立导演方向）,15-20K,1-3年,本科,,南岸区,陈女士,0-20人,"['1-3年', '本科', '广告', '不接受居家办公', 'C4D']",https://www.zhipin.com/job_detail/7a378a2129842dbc1XJ729q9F1tW.html,2025/12/3 9:28
重庆隐豹数字传媒有限公司,101040000,隐豹数字传媒,动态设计师(独立导演方向),15-20K,1-3年,本科,,南岸区,邹先生,0-20人,"['1-3年', '本科', '广告', 'C4D', 'PR']",https://www.zhipin.com/job_detail/39d8c33c642f7b6d1XB-3N-6GFtS.html,2025/12/3 9:28
重庆超梦动漫制作有限公司,101270100,重庆超梦动漫制作,中高级影视特效师,8-12K,1-3年,大专,重庆,渝中区,唐先生,20-99人,"['1-3年', '大专']",https://www.zhipin.com/job_detail/4ba8a24a65d96a2103Z_39y6FldZ.html,2025/12/3 9:29
重庆超梦动漫制作有限公司,101040000,重庆超梦动漫制作,中高级影视特效师,8-12K,1-3年,大专,,渝中区,唐先生,20-99人,"['1-3年', '大专']",https://www.zhipin.com/job_detail/4ba8a24a65d96a2103Z_39y6FldZ.html,2025/12/3 9:29
四川省文化大数据有限责任公司,101270100,四川省文化大数据,JAVA开发工程师(高级）,16-20K,5-10年,本科,,武侯区,李女士,20-99人,"['5-10年', '本科', 'Java', 'SpringCloud', 'Spring']",https://www.zhipin.com/job_detail/66a294a076c4899b03V82Nq_FVRX.html,2025/12/3 9:29
四川省文化大数据有限责任公司,101270100,四川省文化数据服务,商务经理,6-11K,3-5年,本科,,武侯区,陈女士,0-20人,"['3-5年', '本科', '计算机相关学历', '渠道/机构客户开发（销售方向）', '金融相关学历']",https://www.zhipin.com/job_detail/bb69e37f08a7372f03B529S-FFtW.html,2025/12/3 9:29
四川省文化大数据有限责任公司,101270100,四川省文化数据服务,前端开发工程师,10-15K,3-5年,本科,,武侯区,邢女士,0-20人,"['3-5年', '本科', 'Java', '前端开发经验']",https://www.zhipin.com/job_detail/ed0b02657751e5d71H192di_FlFW.html,2025/12/3 9:29
四川省文化大数据有限责任公司,101270100,四川数字城市,系统集成工程师,4-8K,1-3年,大专,,武侯区,何女士,20-99人,"['1-3年', '大专', '计算机/网络系统工程师', '通信/工程相关专业', '弱电布线工程师']",https://www.zhipin.com/job_detail/5aa844c5bfd4c8091XN429m6F1FS.html,2025/12/3 9:29
四川省文化大数据有限责任公司,101270100,四川省教育信息化...,数据治理岗位,8-9K,经验不限,硕士,,锦江区,向女士,20-99人,"['经验不限', '硕士']",https://www.zhipin.com/job_detail/2a0479b209ec8ab403x42Nq0FVZU.html,2025/12/3 9:29
四川省文化大数据有限责任公司,101270100,四川数字城市,招标专员,4-9K,1-3年,大专,,武侯区,林女士,20-99人,"['1-3年', '大专', '标书']",https://www.zhipin.com/job_detail/88ad952c6e35aaed1XV43d24EVFQ.html,2025/12/3 9:29
四川省文化大数据有限责任公司,101270100,四川省文化大数据,解决方案架构师,12-18K,5-10年,本科,,武侯区,李女士,20-99人,"['5-10年', '本科']",https://www.zhipin.com/job_detail/ee5d30b8ea04579f03Z83du_FVdU.html,2025/12/3 9:29
四川省文化大数据有限责任公司,101270100,四川数字城市,技术主管,4-8K,经验不限,学历不限,,武侯区,何女士,20-99人,"['经验不限', '学历不限', '弱电', '集成']",https://www.zhipin.com/job_detail/4b294e697684bb521X1809S7EltX.html,2025/12/3 9:29
四川省文化大数据有限责任公司,101270100,四川省文化大数据,H5开发工程师（uni-app方向),11-15K,5-10年,本科,,武侯区,李女士,20-99人,"['5-10年', '本科']",https://www.zhipin.com/job_detail/85caf75646b73ba003d63Ny4ElNT.html,2025/12/3 9:29
四川省文化大数据有限责任公司,101270100,四川数字城市,网络工程师兼职,150-400元/天,1-3年,学历不限,德宏傣族景颇族自治州,芒市,何女士,20-99人,"['1-3年', '学历不限', '系统集成', '弱电']",https://www.zhipin.com/job_detail/9e2f078112b5f87d1HR-29-7EVtY.html,2025/12/3 9:29
四川省文化大数据有限责任公司,101270100,四川数字城市,系统集成工程师（兼职）,260-400元/天,1-3年,学历不限,北京,大兴区,何女士,20-99人,"['1-3年', '学历不限', '通信机房项目经验', '弱电系统集成经验']",https://www.zhipin.com/job_detail/54be847c5c07c9691HR_39S7FVRW.html,2025/12/3 9:29
四川省文化大数据有限责任公司,101270100,四川数字城市,系统集成工程师,5-9K,经验不限,学历不限,北京,大兴区,何女士,20-99人,"['经验不限', '学历不限', '系统集成项目管理工程师']",https://www.zhipin.com/job_detail/56ea51233e628bef1X1939-_FFJX.html,2025/12/3 9:29
四川省文化大数据有限责任公司,101270100,四川数字城市,项目经理（政企类）,5-7K,3-5年,学历不限,海口,龙华区,何女士,20-99人,"['3-5年', '学历不限', '非技术项目管理', '计算机相关专业', '实施交付经验']",https://www.zhipin.com/job_detail/c58b67d9f4a4553b1XN529i5FVZZ.html,2025/12/3 9:29
创谷,101040000,创谷,执行导演,15-25K,1-3年,大专,重庆,渝中区,杨先生,20-99人,"['1-3年', '大专', '5年以上动画设计经验', '3D动画', '动漫']",https://www.zhipin.com/job_detail/52249e152b98d1e31nd42Nu5GVBV.html,2025/12/3 9:45
创谷,101040000,创谷,图像算法师（AI师）动画专业,5-8K,经验不限,学历不限,重庆,渝中区,龙先生,20-99人,"['经验不限', '学历不限', '大模型算法', '图像处理库（OpenCV等）', '图像生成']",https://www.zhipin.com/job_detail/49a496846d43762703B43t-6EFpQ.html,2025/12/3 9:45
创谷,101040000,创谷,场景特效师,10-15K,经验不限,学历不限,重庆,渝中区,杨先生,20-99人,"['经验不限', '学历不限']",https://www.zhipin.com/job_detail/f0572efdbc65d9241XR-2d6_FlJZ.html,2025/12/3 9:45
创谷,101040000,创谷,动画制片,6-8K,3-5年,本科,重庆,渝中区,龙先生,20-99人,"['3-5年', '本科', '统筹制片人', '执行制片人', '动画']",https://www.zhipin.com/job_detail/4922117ba2b3e15a1HB60ty9FlRT.html,2025/12/3 9:45
创谷,101040000,创谷,场景原画师,9-10K,3-5年,大专,重庆,渝中区,杨先生,20-99人,"['3-5年', '大专', '游戏场景设计', '场景原画', '写实风格']",https://www.zhipin.com/job_detail/894d65ff98b616e81n162dW5F1FS.html,2025/12/3 9:45
创谷,101040000,创谷,角色特效师,10-15K,经验不限,学历不限,重庆,渝中区,龙先生,20-99人,"['经验不限', '学历不限', 'Houdini', '解算', 'Maya']",https://www.zhipin.com/job_detail/a68ad88277d272d51X1z0960GVBQ.html,2025/12/3 9:45
创谷,101040000,创谷,UE特效师（双休，不加班）,10-15K,1-3年,学历不限,重庆,渝中区,杨先生,20-99人,"['1-3年', '学历不限', '电影', 'MG/3G动画', '电视剧']",https://www.zhipin.com/job_detail/9db625e1c571fbcc1XN92dq0E1ZS.html,2025/12/3 9:45
创谷,101040000,创谷,三维原画师主管,9-12K,3-5年,学历不限,重庆,渝中区,龙先生,20-99人,"['3-5年', '学历不限', '现场办公', '场景原画', 'PS']",https://www.zhipin.com/job_detail/748ac74a10c253bc03d82Nu1GVZS.html,2025/12/3 9:45
创谷,101040000,创谷,动画编剧,4-9K,3-5年,大专,重庆,渝中区,杨先生,20-99人,"['3-5年', '大专', '动漫动画', '动画编剧', '剧本']",https://www.zhipin.com/job_detail/87d3c39684d7ff931n1729-9EldS.html,2025/12/3 9:45
创谷,101040000,创谷,高级动画师,8-12K,经验不限,学历不限,重庆,渝中区,龙先生,20-99人,"['经验不限', '学历不限', '现场办公', '3-5年动画设计经验', '工业/产品动画']",https://www.zhipin.com/job_detail/1d8b3b0c5e816a1b03B53ty8FFZQ.html,2025/12/3 9:45
创谷,101040000,创谷,角色特效师,10-15K,经验不限,学历不限,重庆,渝中区,杨先生,20-99人,"['经验不限', '学历不限', 'MG/3G动画', '解算', '动漫动画']",https://www.zhipin.com/job_detail/10d819b51c3afcaa1XR-2d-8EFdW.html,2025/12/3 9:45
创谷,101040000,创谷,高级灯光师,5-8K,3-5年,学历不限,重庆,渝中区,龙先生,20-99人,"['3-5年', '学历不限', '灯光渲染合成师']",https://www.zhipin.com/job_detail/683d408067837d6403B53ty-EFRW.html,2025/12/3 9:45
创谷,101040000,创谷,灯光渲染合成师,4-8K,1-3年,本科,重庆,渝中区,杨先生,20-99人,"['1-3年', '本科', 'MAYA', '灯光渲染', '后期制作']",https://www.zhipin.com/job_detail/d1bba4229f326fe43nB93Ni0ElY~.html,2025/12/3 9:45
创谷,101040000,创谷,中高级影视特效师,5-10K,1-3年,学历不限,重庆,渝中区,龙先生,20-99人,"['1-3年', '学历不限', 'MG/3G动画']",https://www.zhipin.com/job_detail/51feed65e413339203B53ty4FVZX.html,2025/12/3 9:45
创谷,101040000,创谷,动画统筹制片,6-10K,1-3年,大专,重庆,渝中区,杨先生,20-99人,"['1-3年', '大专', '统筹制片人', '商务制片', '制片主任']",https://www.zhipin.com/job_detail/254d530f182fdb121nF72NW7F1tS.html,2025/12/3 9:45
冰火无线,101270100,冰火无线,初级GUI界面设计（接受新人）,4-8K,1年以内,学历不限,,武侯区,徐女士,20-99人,"['1年以内', '学历不限', '手游', '多风格擅长']",https://www.zhipin.com/job_detail/60cec2ac2d71bd801XV62t2-GVtT.html,2025/12/3 9:45
冰火无线,101270100,冰火无线,执行策划,2-4K,经验不限,大专,,武侯区,徐女士,20-99人,"['经验不限', '大专', '手机游戏', '执行策划', '卡牌']",https://www.zhipin.com/job_detail/7b7e72dc822e9a041nZ52tm9GVFR.html,2025/12/3 9:45
冰火无线,101270100,冰火无线,CocosCreator游戏开发工程师,5-10K,1-3年,学历不限,,武侯区,徐女士,20-99人,"['1-3年', '学历不限', 'Cocos Creator', 'JavaScript/TypeScript']",https://www.zhipin.com/job_detail/f4a0ccd2226502f503Vy39y0FlpV.html,2025/12/3 9:45
冰火无线,101270100,冰火无线,Cocos Creator高级开发工程师,10-15K,经验不限,学历不限,,武侯区,徐女士,20-99人,"['经验不限', '学历不限', 'Cocos Creator']",https://www.zhipin.com/job_detail/6b08a3b8a8143fdf1HN42N66EVdU.html,2025/12/3 9:45
冰火无线,101270100,冰火无线,游戏系统策划,7-12K,3-5年,学历不限,,武侯区,徐女士,20-99人,"['3-5年', '学历不限', 'SLG游戏']",https://www.zhipin.com/job_detail/9911e433da1e4f7103V83N2_EldZ.html,2025/12/3 9:45
冰火无线,101270100,冰火无线,客户端开发工程师,6-11K,经验不限,学历不限,,武侯区,徐女士,20-99人,"['经验不限', '学历不限', 'Cocos2d-x']",https://www.zhipin.com/job_detail/7e7029db2f8f62471XNy2N60GFVQ.html,2025/12/3 9:45
冰火无线,101270100,冰火无线,游戏数值策划,11-20K,1-3年,学历不限,,武侯区,徐女士,20-99人,"['1-3年', '学历不限', '游戏数值策划']",https://www.zhipin.com/job_detail/da1ef236f848125c1X1_2d65GVBZ.html,2025/12/3 9:45
冰火无线,101270100,冰火无线,游戏策划,50-100元/天,在校/应届,学历不限,,武侯区,徐女士,20-99人,"['5天/周', '6个月', '学历不限', '游戏策划']",https://www.zhipin.com/job_detail/5df189c6ec42a99b3nx_3Ny7GVc~.html,2025/12/3 9:45
成都硕云网络科技有限公司,101270100,成都硕云网络,游戏原画师,10-15K,经验不限,学历不限,,武侯区,程女士,20-99人,"['经验不限', '学历不限', '五险一金', '有原画经验/技能', '周末双休']",https://www.zhipin.com/job_detail/6496a999fd0eec0303B939W-EFBU.html,2025/12/3 9:45
成都硕云网络科技有限公司,101270100,成都硕云网络,ui动效,9-14K,1-3年,学历不限,,武侯区,夏女士,20-99人,"['1-3年', '学历不限', '五险一金', '动效设计', 'PS']",https://www.zhipin.com/job_detail/01658a861231500803d-3N2-FFVU.html,2025/12/3 9:45
成都硕云网络科技有限公司,101270100,成都硕云网络,游戏系统策划,10-12K,3-5年,大专,上海,松江区,王先生,20-99人,"['3-5年', '大专']",https://www.zhipin.com/job_detail/1e6972c4a5268f8c03x72dy0GVFY.html,2025/12/3 9:45
成都硕云网络科技有限公司,101270100,成都硕云网络,maya/max绑定,15-20K,1-3年,学历不限,上海,长宁区,陈先生,20-99人,"['1-3年', '学历不限', 'Maya', '3ds MAX', 'Unity']",https://www.zhipin.com/job_detail/11be3ac6fbb84a3703N82dq9EVJQ.html,2025/12/3 9:45
成都硕云网络科技有限公司,101270100,成都硕云网络,游戏动效设计师,9-14K,1-3年,学历不限,杭州,滨江区,杨先生,20-99人,"['1-3年', '学历不限', '五险一金', '古风', '加班补助']",https://www.zhipin.com/job_detail/1a6f4af1017e324903B70tW6FltZ.html,2025/12/3 9:45
成都硕云网络科技有限公司,101270100,成都硕云网络,游戏绑定师,15-30K,经验不限,大专,上海,松江区,杨女士,20-99人,"['经验不限', '大专', '五险一金', '周末双休']",https://www.zhipin.com/job_detail/1f6a030085b216c203Jy3N-8FVBR.html,2025/12/3 9:45
成都硕云网络科技有限公司,101270100,硕云网络科技有限公司,IT项目经理,8-9K,经验不限,学历不限,宿州,桥区,钱先生,0-20人,"['经验不限', '学历不限', '售前支持', '硬件实施', '销售']",https://www.zhipin.com/job_detail/83790b54cd07107a1XZz2tq9ElBT.html,2025/12/3 9:45
成都硕云网络科技有限公司,101270100,成都硕云网络,游戏系统策划,9-12K,3-5年,学历不限,上海,松江区,程女士,20-99人,"['3-5年', '学历不限', 'MOBA游戏', '体育/竞技', '卡牌/战棋']",https://www.zhipin.com/job_detail/f36792a38f40a43d03x7296_ElVR.html,2025/12/3 9:45
成都硕云网络科技有限公司,101270100,成都硕云网络,游戏系统策划,10-12K,3-5年,大专,上海,松江区,王先生,20-99人,"['3-5年', '大专', '蓝图', 'Typescript', 'UE4']",https://www.zhipin.com/job_detail/ac2272210a2ab4a703N92N2_EFJS.html,2025/12/3 9:45
成都硕云网络科技有限公司,101270100,成都硕云网络,游戏特效,10-15K,1-3年,学历不限,杭州,滨江区,陈先生,20-99人,"['1-3年', '学历不限', '二次元', '写实', '科幻']",https://www.zhipin.com/job_detail/5b4f0b7078a0acf803Vz3dW4E1NQ.html,2025/12/3 9:45
成都硕云网络科技有限公司,101270100,成都硕云网络,游戏测试工程师,10-11K,1-3年,大专,上海,松江区,夏女士,20-99人,"['1-3年', '大专', '软件测试经验', '丰富的游戏经验', '手游测试经验']",https://www.zhipin.com/job_detail/1ab8729d1bca926603x42dq1EltS.html,2025/12/3 9:45
成都硕云网络科技有限公司,101270100,成都硕云网络,高级游戏系统策划,10-12K,3-5年,大专,上海,松江区,杨女士,20-99人,"['3-5年', '大专', 'RPG游戏', 'MMO', '征途、传奇类游戏']",https://www.zhipin.com/job_detail/7d9dab38903f9eb003x72964FVJQ.html,2025/12/3 9:45
成都硕云网络科技有限公司,101270100,硕云网络科技有限公司,市场经理,5-6K,经验不限,学历不限,宿州,桥区,钱先生,0-20人,"['经验不限', '学历不限', '销售工作经验', '一般企业（甲方）', '线下零售']",https://www.zhipin.com/job_detail/eaa20f94e21c7e571XZz2tq_EldS.html,2025/12/3 9:45
成都硕云网络科技有限公司,101270100,成都硕云网络,游戏高级角色/场景模型,15-20K,3-5年,大专,杭州,滨江区,王先生,20-99人,"['3-5年', '大专', '美术专业', 'PS', '周末双休']",https://www.zhipin.com/job_detail/793a42d795b8f49303N_2tW1EFpU.html,2025/12/3 9:45
成都硕云网络科技有限公司,101270100,成都硕云网络,3d动画设计师,8-13K,3-5年,学历不限,杭州,滨江区,程女士,20-99人,"['3-5年', '学历不限', 'MOBA游戏', '休闲益智', '模拟经营']",https://www.zhipin.com/job_detail/957d1da14b5adfd203B92dS9E1NU.html,2025/12/3 9:45
